,open,high,low,close,adjusted close,volume,dividend amount,split coefficient
2018-01-18,16.9,16.9,16.9,16.9,16.9,100,0.0,1.0
2018-01-19,16.9,16.9,16.9,16.9,16.9,1,0.0,1.0
2018-01-22,16.72,16.72,16.72,16.72,16.72,100,0.0,1.0
2018-01-23,16.94,16.95,16.94,16.95,16.95,1200,0.0,1.0
2018-01-24,16.95,16.95,16.95,16.95,16.95,0,0.0,1.0
2018-01-25,16.95,16.95,16.95,16.95,16.95,0,0.0,1.0
2018-01-26,16.95,16.95,16.95,16.95,16.95,0,0.0,1.0
2018-01-29,16.95,16.95,16.95,16.95,16.95,0,0.0,1.0
2018-01-30,16.95,16.95,16.95,16.95,16.95,0,0.0,1.0
2018-01-31,16.95,16.95,16.95,16.95,16.95,0,0.0,1.0
2018-02-01,16.95,16.95,16.95,16.95,16.95,0,0.0,1.0
2018-02-02,16.95,16.95,16.95,16.95,16.95,0,0.0,1.0
2018-02-05,16.95,16.95,16.95,16.95,16.95,0,0.0,1.0
2018-02-06,16.95,16.95,16.95,16.95,16.95,2,0.0,1.0
2018-02-07,16.95,16.95,16.95,16.95,16.95,0,0.0,1.0
2018-02-08,16.95,16.95,16.95,16.95,16.95,0,0.0,1.0
2018-02-09,16.95,16.95,16.95,16.95,16.95,0,0.0,1.0
2018-02-12,16.95,16.95,16.95,16.95,16.95,0,0.0,1.0
2018-02-13,16.95,16.95,16.95,16.95,16.95,0,0.0,1.0
2018-02-14,21.28,21.28,20.83,20.83,20.83,901,0.0,1.0
2018-02-15,20.43,20.43,20.43,20.43,20.43,100,0.0,1.0
2018-02-16,20.43,20.43,20.43,20.43,20.43,0,0.0,1.0
2018-02-20,20.43,20.43,20.43,20.43,20.43,0,0.0,1.0
2018-02-21,20.38,20.38,20.38,20.38,20.38,100,0.0,1.0
2018-02-22,20.38,20.38,20.38,20.38,20.38,0,0.0,1.0
2018-02-23,20.38,20.38,20.38,20.38,20.38,0,0.0,1.0
2018-02-26,19.57,19.57,19.57,19.57,19.57,100,0.0,1.0
2018-02-27,19.57,19.57,19.57,19.57,19.57,1,0.0,1.0
2018-02-28,19.57,19.57,19.57,19.57,19.57,0,0.0,1.0
2018-03-01,21.22,21.47,21.22,21.47,21.47,700,0.0,1.0
2018-03-02,22.0,22.0,21.54,21.54,21.54,1600,0.0,1.0
2018-03-05,21.54,21.54,21.54,21.54,21.54,0,0.0,1.0
2018-03-06,21.54,21.54,21.54,21.54,21.54,3,0.0,1.0
2018-03-07,21.54,21.54,21.54,21.54,21.54,0,0.0,1.0
2018-03-08,21.54,21.54,21.54,21.54,21.54,400,0.0,1.0
2018-03-09,21.54,21.54,21.54,21.54,21.54,0,0.0,1.0
2018-03-12,20.121,20.121,20.121,20.121,20.121,100,0.0,1.0
2018-03-13,20.121,20.121,20.121,20.121,20.121,0,0.0,1.0
2018-03-14,20.8,20.8,20.8,20.8,20.8,400,0.0,1.0
2018-03-15,20.8,20.8,20.8,20.8,20.8,2,0.0,1.0
2018-03-16,20.8,20.8,20.8,20.8,20.8,1,0.0,1.0
2018-03-19,20.8,20.8,20.8,20.8,20.8,0,0.0,1.0
2018-03-20,20.85,20.85,20.85,20.85,20.85,101,0.0,1.0
2018-03-21,20.04,20.54,20.03,20.52,20.52,7300,0.0,1.0
2018-03-22,20.52,20.52,20.52,20.52,20.52,0,0.0,1.0
2018-03-23,20.52,20.52,20.52,20.52,20.52,0,0.0,1.0
2018-03-26,20.52,20.52,20.52,20.52,20.52,4000,0.0,1.0
2018-03-27,20.52,20.52,20.52,20.52,20.52,0,0.0,1.0
2018-03-28,20.52,20.52,20.52,20.52,20.52,0,0.0,1.0
2018-03-29,20.52,20.52,20.52,20.52,20.52,0,0.0,1.0
2018-04-02,22.86,22.86,22.86,22.86,22.86,100,0.0,1.0
2018-04-03,22.86,22.86,22.86,22.86,22.86,0,0.0,1.0
2018-04-04,23.08,23.08,23.08,23.08,23.08,400,0.0,1.0
2018-04-05,23.08,23.08,23.08,23.08,23.08,0,0.0,1.0
2018-04-06,23.08,23.08,23.08,23.08,23.08,0,0.0,1.0
2018-04-09,23.08,23.08,23.08,23.08,23.08,0,0.0,1.0
2018-04-10,23.08,23.08,23.08,23.08,23.08,0,0.0,1.0
2018-04-11,23.08,23.08,23.08,23.08,23.08,0,0.0,1.0
2018-04-12,23.08,23.08,23.08,23.08,23.08,0,0.0,1.0
2018-04-13,21.86,21.86,21.86,21.86,21.86,100,0.0,1.0
2018-04-16,21.32,21.32,21.32,21.32,21.32,400,0.0,1.0
2018-04-17,21.32,21.32,21.32,21.32,21.32,0,0.0,1.0
2018-04-18,21.32,21.32,21.32,21.32,21.32,0,0.0,1.0
2018-04-19,21.32,21.32,21.32,21.32,21.32,99,0.0,1.0
2018-04-20,21.32,21.32,21.32,21.32,21.32,0,0.0,1.0
2018-04-23,21.32,21.32,21.32,21.32,21.32,0,0.0,1.0
2018-04-24,21.32,21.32,21.32,21.32,21.32,0,0.0,1.0
2018-04-25,21.181,21.181,21.181,21.181,21.181,500,0.0,1.0
2018-04-26,21.181,21.181,21.181,21.181,21.181,0,0.0,1.0
2018-04-27,21.181,21.181,21.181,21.181,21.181,0,0.0,1.0
2018-04-30,21.181,21.181,21.181,21.181,21.181,0,0.0,1.0
2018-05-01,21.181,21.181,21.181,21.181,21.181,1,0.0,1.0
2018-05-02,21.181,21.181,21.181,21.181,21.181,0,0.0,1.0
2018-05-03,21.181,21.181,21.181,21.181,21.181,0,0.0,1.0
2018-05-04,21.181,21.181,21.181,21.181,21.181,1,0.0,1.0
2018-05-07,21.181,21.181,21.181,21.181,21.181,0,0.0,1.0
2018-05-08,21.181,21.181,21.181,21.181,21.181,0,0.0,1.0
2018-05-09,21.181,21.181,21.181,21.181,21.181,0,0.0,1.0
2018-05-10,19.54,19.54,19.215,19.215,19.215,800,0.0,1.0
2018-05-11,19.215,19.215,19.215,19.215,19.215,0,0.0,1.0
2018-05-14,19.215,19.215,19.215,19.215,19.215,0,0.0,1.0
2018-05-15,19.215,19.215,19.215,19.215,19.215,0,0.0,1.0
2018-05-16,19.215,19.215,19.215,19.215,19.215,0,0.0,1.0
2018-05-17,19.215,19.215,19.215,19.215,19.215,0,0.0,1.0
2018-05-18,19.215,19.215,19.215,19.215,19.215,0,0.0,1.0
2018-05-21,19.215,19.215,19.215,19.215,19.215,0,0.0,1.0
2018-05-22,19.215,19.215,19.215,19.215,19.215,0,0.0,1.0
2018-05-23,19.215,19.215,19.215,19.215,19.215,0,0.0,1.0
2018-05-24,19.215,19.215,19.215,19.215,19.215,0,0.0,1.0
2018-05-25,19.215,19.215,19.215,19.215,19.215,0,0.0,1.0
2018-05-29,19.215,19.215,19.215,19.215,19.215,0,0.0,1.0
2018-05-30,19.215,19.215,19.215,19.215,19.215,0,0.0,1.0
2018-05-31,19.215,19.215,19.215,19.215,19.215,0,0.0,1.0
2018-06-01,19.215,19.215,19.215,19.215,19.215,0,0.0,1.0
2018-06-04,19.215,19.215,19.215,19.215,19.215,0,0.0,1.0
2018-06-05,19.215,19.215,19.215,19.215,19.215,0,0.0,1.0
2018-06-06,19.215,19.215,19.215,19.215,19.215,0,0.0,1.0
2018-06-07,19.215,19.215,19.215,19.215,19.215,0,0.0,1.0
2018-06-08,19.215,19.215,19.215,19.215,19.215,0,0.0,1.0
2018-06-11,19.215,19.215,19.215,19.215,19.215,0,0.0,1.0
2018-06-12,19.215,19.215,19.215,19.215,19.215,0,0.0,1.0
2018-06-13,19.215,19.215,19.215,19.215,19.215,0,0.0,1.0
2018-06-14,19.215,19.215,19.215,19.215,19.215,0,0.0,1.0
2018-06-15,19.215,19.215,19.215,19.215,19.215,0,0.0,1.0
2018-06-18,19.215,19.215,19.215,19.215,19.215,0,0.0,1.0
2018-06-19,19.215,19.215,19.215,19.215,19.215,0,0.0,1.0
2018-06-20,19.215,19.215,19.215,19.215,19.215,0,0.0,1.0
2018-06-21,18.025,18.235,18.025,18.235,18.235,300,0.0,1.0
2018-06-22,18.235,18.235,18.235,18.235,18.235,0,0.0,1.0
2018-06-25,18.235,18.235,18.235,18.235,18.235,0,0.0,1.0
2018-06-26,18.235,18.235,18.235,18.235,18.235,0,0.0,1.0
2018-06-27,18.235,18.235,18.235,18.235,18.235,0,0.0,1.0
2018-06-28,18.235,18.235,18.235,18.235,18.235,0,0.0,1.0
2018-06-29,18.235,18.235,18.235,18.235,18.235,0,0.0,1.0
2018-07-02,18.235,18.235,18.235,18.235,18.235,0,0.0,1.0
2018-07-03,18.235,18.235,18.235,18.235,18.235,0,0.0,1.0
2018-07-05,18.235,18.235,18.235,18.235,18.235,0,0.0,1.0
2018-07-06,18.235,18.235,18.235,18.235,18.235,0,0.0,1.0
2018-07-09,18.235,18.235,18.235,18.235,18.235,0,0.0,1.0
2018-07-10,18.235,18.235,18.235,18.235,18.235,0,0.0,1.0
2018-07-11,18.235,18.235,18.235,18.235,18.235,0,0.0,1.0
2018-07-12,18.235,18.235,18.235,18.235,18.235,0,0.0,1.0
2018-07-13,18.235,18.235,18.235,18.235,18.235,0,0.0,1.0
2018-07-16,18.235,18.235,18.235,18.235,18.235,0,0.0,1.0
2018-07-17,18.235,18.235,18.235,18.235,18.235,0,0.0,1.0
2018-07-18,18.235,18.235,18.235,18.235,18.235,0,0.0,1.0
2018-07-19,18.235,18.235,18.235,18.235,18.235,0,0.0,1.0
2018-07-20,18.235,18.235,18.235,18.235,18.235,0,0.0,1.0
2018-07-23,18.235,18.235,18.235,18.235,18.235,100,0.0,1.0
2018-07-24,18.235,18.235,18.235,18.235,18.235,0,0.0,1.0
2018-07-25,18.235,18.235,18.235,18.235,18.235,0,0.0,1.0
2018-07-26,18.235,18.235,18.235,18.235,18.235,0,0.0,1.0
2018-07-27,18.235,18.235,18.235,18.235,18.235,0,0.0,1.0
2018-07-30,18.235,18.235,18.235,18.235,18.235,0,0.0,1.0
2018-07-31,18.235,18.235,18.235,18.235,18.235,0,0.0,1.0
2018-08-01,17.68,17.68,17.68,17.68,17.68,200,0.0,1.0
2018-08-02,17.68,17.68,17.68,17.68,17.68,0,0.0,1.0
2018-08-03,17.68,17.68,17.68,17.68,17.68,0,0.0,1.0
2018-08-06,17.68,17.68,17.68,17.68,17.68,0,0.0,1.0
2018-08-07,17.68,17.68,17.68,17.68,17.68,200,0.0,1.0
2018-08-08,17.68,17.68,17.68,17.68,17.68,200,0.0,1.0
2018-08-09,17.68,17.68,17.68,17.68,17.68,0,0.0,1.0
2018-08-10,17.68,17.68,17.68,17.68,17.68,0,0.0,1.0
2018-08-13,17.68,17.68,17.68,17.68,17.68,0,0.0,1.0
2018-08-14,17.68,17.68,17.68,17.68,17.68,200,0.0,1.0
2018-08-15,17.68,17.68,17.68,17.68,17.68,0,0.0,1.0
2018-08-16,17.68,17.68,17.68,17.68,17.68,0,0.0,1.0
2018-08-17,17.68,17.68,17.68,17.68,17.68,0,0.0,1.0
2018-08-20,17.68,17.68,17.68,17.68,17.68,0,0.0,1.0
2018-08-21,17.68,17.68,17.68,17.68,17.68,0,0.0,1.0
2018-08-22,17.68,17.68,17.68,17.68,17.68,0,0.0,1.0
2018-08-23,17.68,17.68,17.68,17.68,17.68,0,0.0,1.0
2018-08-24,17.68,17.68,17.68,17.68,17.68,0,0.0,1.0
2018-08-27,17.68,17.68,17.68,17.68,17.68,0,0.0,1.0
2018-08-28,17.68,17.68,17.68,17.68,17.68,0,0.0,1.0
2018-08-29,17.68,17.68,17.68,17.68,17.68,0,0.0,1.0
2018-08-30,17.68,17.68,17.68,17.68,17.68,0,0.0,1.0
2018-08-31,17.68,17.68,17.68,17.68,17.68,0,0.0,1.0
2018-09-04,17.68,17.68,17.68,17.68,17.68,0,0.0,1.0
2018-09-05,17.68,17.68,17.68,17.68,17.68,0,0.0,1.0
2018-09-06,18.08,18.08,18.08,18.08,18.08,200,0.0,1.0
2018-09-07,18.08,18.08,18.08,18.08,18.08,0,0.0,1.0
2018-09-10,18.08,18.08,18.08,18.08,18.08,0,0.0,1.0
2018-09-11,18.08,18.08,18.08,18.08,18.08,0,0.0,1.0
2018-09-12,18.08,18.08,18.08,18.08,18.08,0,0.0,1.0
2018-09-13,17.28,17.28,17.28,17.28,17.28,100,0.0,1.0
2018-09-14,17.22,17.22,17.202,17.202,17.202,926,0.0,1.0
2018-09-17,17.202,17.202,17.202,17.202,17.202,0,0.0,1.0
2018-09-18,17.202,17.202,17.202,17.202,17.202,0,0.0,1.0
2018-09-19,17.202,17.202,17.202,17.202,17.202,0,0.0,1.0
2018-09-20,17.202,17.202,17.202,17.202,17.202,61,0.0,1.0
2018-09-21,17.202,17.202,17.202,17.202,17.202,0,0.0,1.0
2018-09-24,17.202,17.202,17.202,17.202,17.202,0,0.0,1.0
2018-09-25,16.97,16.97,16.962,16.962,16.962,463,0.0,1.0
2018-09-26,17.17,17.17,17.17,17.17,17.17,500,0.0,1.0
2018-09-27,17.17,17.17,17.17,17.17,17.17,0,0.0,1.0
2018-09-28,17.17,17.17,17.17,17.17,17.17,0,0.0,1.0
2018-10-01,17.17,17.17,17.17,17.17,17.17,0,0.0,1.0
2018-10-02,17.17,17.17,17.17,17.17,17.17,0,0.0,1.0
2018-10-03,17.17,17.17,17.17,17.17,17.17,12,0.0,1.0
2018-10-04,17.17,17.17,17.17,17.17,17.17,0,0.0,1.0
2018-10-05,17.52,17.52,17.52,17.52,17.52,1100,0.0,1.0
2018-10-08,17.52,17.52,17.52,17.52,17.52,0,0.0,1.0
2018-10-09,17.52,17.52,17.52,17.52,17.52,0,0.0,1.0
2018-10-10,17.52,17.52,17.52,17.52,17.52,0,0.0,1.0
2018-10-11,19.0,19.0,18.89,18.89,18.89,1100,0.0,1.0
2018-10-12,19.05,19.06,19.05,19.06,19.06,800,0.0,1.0
2018-10-15,19.06,19.06,19.06,19.06,19.06,0,0.0,1.0
2018-10-16,19.26,19.26,19.26,19.26,19.26,200,0.0,1.0
2018-10-17,19.26,19.26,19.26,19.26,19.26,0,0.0,1.0
2018-10-18,19.26,19.26,19.26,19.26,19.26,0,0.0,1.0
2018-10-19,19.57,19.57,19.57,19.57,19.57,100,0.0,1.0
2018-10-22,19.57,19.57,19.57,19.57,19.57,0,0.0,1.0
2018-10-23,19.57,19.57,19.57,19.57,19.57,0,0.0,1.0
2018-10-24,19.57,19.57,19.57,19.57,19.57,1,0.0,1.0
2018-10-25,19.57,19.57,19.57,19.57,19.57,5,0.0,1.0
2018-10-26,19.57,19.57,19.57,19.57,19.57,0,0.0,1.0
2018-10-29,19.57,19.57,19.57,19.57,19.57,0,0.0,1.0
2018-10-30,19.57,19.57,19.57,19.57,19.57,0,0.0,1.0
2018-10-31,19.57,19.57,19.57,19.57,19.57,0,0.0,1.0
2018-11-01,19.57,19.57,19.57,19.57,19.57,0,0.0,1.0
2018-11-02,19.57,19.57,19.57,19.57,19.57,0,0.0,1.0
2018-11-05,20.2,20.24,20.02,20.02,20.02,7122,0.0,1.0
2018-11-06,19.777,19.777,19.777,19.777,19.777,100,0.0,1.0
2018-11-07,19.06,19.15,19.05,19.15,19.15,1500,0.0,1.0
2018-11-08,19.0,19.1,18.85,18.85,18.85,1756,0.0,1.0
2018-11-09,18.9,19.06,18.9,19.06,19.06,1379,0.0,1.0
2018-11-12,19.06,19.06,19.06,19.06,19.06,0,0.0,1.0
2018-11-13,20.14,20.14,20.14,20.14,20.14,1901,0.0,1.0
2018-11-14,20.14,20.14,20.14,20.14,20.14,52,0.0,1.0
2018-11-15,20.14,20.14,20.14,20.14,20.14,1,0.0,1.0
2018-11-16,20.14,20.14,20.14,20.14,20.14,0,0.0,1.0
2018-11-19,20.14,20.14,20.14,20.14,20.14,2,0.0,1.0
2018-11-20,21.1,21.26,21.1,21.26,21.26,767,0.0,1.0
2018-11-21,21.4,21.4,21.4,21.4,21.4,278,0.0,1.0
2018-11-23,20.985,21.265,20.985,21.265,21.265,700,0.0,1.0
2018-11-26,20.75,20.755,20.54,20.75,20.75,2165,0.0,1.0
2018-11-27,20.455,20.455,20.455,20.455,20.455,200,0.0,1.0
2018-11-28,20.365,20.58,20.365,20.46,20.46,940,0.0,1.0
2018-11-29,20.1,20.22,20.1,20.12,20.12,1237,0.0,1.0
2018-11-30,20.12,20.12,20.12,20.12,20.12,0,0.0,1.0
2018-12-03,19.16,19.3,19.06,19.06,19.06,6789,0.0,1.0
2018-12-04,19.24,20.04,19.24,20.04,20.04,960,0.0,1.0
2018-12-06,20.92,21.207,20.55,20.56,20.56,8448,0.0,1.0
2018-12-07,20.82,21.065,20.82,21.065,21.065,895,0.0,1.0
2018-12-10,21.1,21.36,21.1,21.15,21.15,1948,0.0,1.0
2018-12-11,21.153,21.153,21.153,21.153,21.153,19,0.0,1.0
2018-12-12,21.05,21.092,20.95,21.092,21.092,2476,0.0,1.0
2018-12-13,20.8,21.123,20.8,21.123,21.123,433,0.0,1.0
2018-12-14,21.123,21.123,21.123,21.123,21.123,0,0.0,1.0
2018-12-17,21.9,22.16,21.9,22.05,22.05,4890,0.0,1.0
2018-12-18,22.05,22.05,22.05,22.05,22.05,0,0.0,1.0
2018-12-19,22.2221,22.2221,22.2221,22.2221,22.2221,326,0.0,1.0
2018-12-20,22.53,22.53,22.53,22.53,22.53,545,0.0,1.0
2018-12-21,22.3,22.66,22.3,22.66,22.66,1991,0.0,1.0
2018-12-24,22.66,22.66,22.66,22.66,22.66,38,0.0,1.0
2018-12-26,22.1177,22.1177,22.1177,22.1177,22.1177,42,0.0,1.0
2018-12-27,22.58,22.58,22.52,22.576,22.576,1326,0.0,1.0
2018-12-28,22.56,22.56,22.5461,22.5461,22.5461,438,0.0,1.0
2018-12-31,22.2777,22.2897,22.24,22.2897,22.2897,856,0.0,1.0
2019-01-02,22.0215,22.0215,22.0215,22.0215,22.0215,2,0.0,1.0
2019-01-03,22.4,22.8,22.4,22.65,22.65,1000,0.0,1.0
2019-01-04,22.1,22.1,21.86,21.88,21.88,6418,0.0,1.0
2019-01-07,21.72,21.82,21.46,21.536,21.536,4775,0.0,1.0
2019-01-08,21.45,21.7,21.45,21.451,21.451,1575,0.0,1.0
2019-01-09,21.28,21.41,21.14,21.225,21.225,9790,0.0,1.0
2019-01-10,21.4,21.4,21.206,21.206,21.206,101,0.0,1.0
2019-01-11,21.06,21.08,20.98,20.98,20.98,3500,0.0,1.0
2019-01-14,21.05,21.05,20.75,20.832,20.832,724,0.0,1.0
2019-01-15,20.65,20.65,20.32,20.33,20.33,6848,0.0,1.0
2019-01-16,20.24,20.38,20.22,20.38,20.38,3710,0.0,1.0
2019-01-17,20.471,20.54,20.471,20.495,20.495,1210,0.0,1.0
2019-01-18,20.15,20.15,20.02,20.06,20.06,4751,0.0,1.0
2019-01-22,20.35,20.67,20.22,20.6077,20.6077,11223,0.0,1.0
2019-01-23,20.78,20.84,20.761,20.761,20.761,2144,0.0,1.0
2019-01-24,20.75,20.75,20.354,20.354,20.354,4858,0.0,1.0
2019-01-25,20.29,20.33,19.95,20.01,20.01,23314,0.0,1.0
2019-01-28,20.48,20.49,20.22,20.31,20.31,3262,0.0,1.0
2019-01-29,20.3,20.4,20.145,20.33,20.33,12515,0.0,1.0
2019-01-30,20.17,20.3,19.95,20.02,20.02,14655,0.0,1.0
2019-01-31,19.9,19.97,19.57,19.57,19.57,25703,0.0,1.0
2019-02-01,19.571,19.63,19.36,19.43,19.43,21209,0.0,1.0
2019-02-04,19.5,19.5,19.05,19.1,19.1,71879,0.0,1.0
2019-02-05,18.96,18.96,18.648,18.88,18.88,20876,0.0,1.0
2019-02-06,18.72,18.9,18.67,18.77,18.77,15631,0.0,1.0
2019-02-07,19.064,19.36,18.97,18.97,18.97,31976,0.0,1.0
2019-02-08,19.16,19.31,18.86,18.97,18.97,15753,0.0,1.0
2019-02-11,18.85,19.02,18.83,18.883,18.883,14478,0.0,1.0
2019-02-12,18.67,18.83,18.59,18.8,18.8,16209,0.0,1.0
2019-02-13,18.74,18.78,18.603,18.65,18.65,22499,0.0,1.0
2019-02-14,18.85,18.89,18.6,18.774,18.774,8491,0.0,1.0
2019-02-15,18.72,18.801,18.57,18.57,18.57,18529,0.0,1.0
2019-02-19,18.55,18.57,18.33,18.43,18.43,20785,0.0,1.0
2019-02-20,18.46,18.483,18.24,18.24,18.24,12405,0.0,1.0
2019-02-21,18.34,18.47,18.09,18.28,18.28,20996,0.0,1.0
2019-02-22,18.23,18.23,17.96,18.01,18.01,22543,0.0,1.0
2019-02-25,17.88,17.97,17.62,17.94,17.94,16243,0.0,1.0
2019-02-26,18.05,18.12,17.92,18.09,18.09,9262,0.0,1.0
2019-02-27,18.17,18.3,17.89,17.96,17.96,7969,0.0,1.0
2019-02-28,17.98,18.0,17.815,17.9,17.9,13489,0.0,1.0
2019-03-01,17.7,17.77,17.53,17.58,17.58,21571,0.0,1.0
2019-03-04,17.57,18.06,17.55,17.9,17.9,27210,0.0,1.0
2019-03-05,17.86,18.02,17.8,17.86,17.86,15479,0.0,1.0
2019-03-06,17.95,18.15,17.92,18.14,18.14,10922,0.0,1.0
2019-03-07,18.53,18.65,18.3,18.51,18.51,33627,0.0,1.0
2019-03-08,18.81,18.98,18.67,18.67,18.67,15937,0.0,1.0
2019-03-11,18.4,18.41,17.97,18.0,18.0,140276,0.0,1.0
2019-03-12,17.87,17.93,17.806,17.82,17.82,11700,0.0,1.0
2019-03-13,17.79,17.79,17.7,17.71,17.71,16853,0.0,1.0
2019-03-14,17.69,17.79,17.623,17.71,17.71,7634,0.0,1.0
2019-03-15,17.7253,17.7253,17.5,17.633,17.633,9029,0.0,1.0
2019-03-18,17.6,17.68,17.54,17.626,17.626,8061,0.0,1.0
2019-03-19,17.84,17.94,17.74,17.8,17.8,28007,0.0,1.0
2019-03-20,17.87,17.92,17.7,17.85,17.85,10764,0.0,1.0
2019-03-21,17.86,17.86,17.656,17.746,17.746,7469,0.0,1.0
2019-03-22,17.8,18.41,17.76,18.34,18.34,36705,0.0,1.0
2019-03-25,18.49,18.559,18.221,18.48,18.48,21672,0.0,1.0
2019-03-26,18.12,18.38,18.12,18.22,18.22,21925,0.0,1.0
2019-03-27,18.24,18.61,18.24,18.46,18.46,9255,0.0,1.0
2019-03-28,18.45,18.6,18.36,18.391,18.391,2158,0.0,1.0
2019-03-29,18.31,18.31,18.0,18.06,18.06,13712,0.0,1.0
2019-04-01,17.82,17.9,17.774,17.774,17.774,11362,0.0,1.0
2019-04-02,17.79,17.95,17.79,17.95,17.95,12362,0.0,1.0
2019-04-03,17.82,17.86,17.78,17.86,17.86,4595,0.0,1.0
2019-04-04,17.8,17.8,17.683,17.797,17.797,3898,0.0,1.0
2019-04-05,17.63,17.74,17.6,17.64,17.64,15400,0.0,1.0
2019-04-08,17.6,17.66,17.469,17.469,17.469,4731,0.0,1.0
2019-04-09,17.71,17.94,17.65,17.91,17.91,15228,0.0,1.0
2019-04-10,17.8,17.85,17.685,17.78,17.78,6161,0.0,1.0
2019-04-11,17.71,17.71,17.57,17.59,17.59,9419,0.0,1.0
2019-04-12,17.295,17.64,17.295,17.55,17.55,10555,0.0,1.0
2019-04-15,17.54,17.7,17.45,17.45,17.45,2424,0.0,1.0
2019-04-16,17.5,17.69,17.5,17.68,17.68,32067,0.0,1.0
2019-04-17,17.73,17.91,17.67,17.68,17.68,261234,0.0,1.0
2019-04-18,17.59,17.74,17.59,17.62,17.62,9992,0.0,1.0
2019-04-22,17.56,17.831,17.44,17.47,17.47,8809,0.0,1.0
2019-04-23,17.43,17.49,17.41,17.489,17.489,11120,0.0,1.0
2019-04-24,17.53,17.6,17.49,17.521,17.521,11040,0.0,1.0
2019-04-25,17.6,17.78,17.44,17.76,17.76,23042,0.0,1.0
2019-04-26,17.79,17.79,17.54,17.54,17.54,16505,0.0,1.0
2019-04-29,17.56,17.72,17.56,17.65,17.65,8310,0.0,1.0
2019-04-30,17.74,17.773,17.66,17.68,17.68,9434,0.0,1.0
2019-05-01,17.7,17.95,17.52,17.95,17.95,13737,0.0,1.0
2019-05-02,18.06,18.24,17.87,18.114,18.114,14101,0.0,1.0
2019-05-03,17.8,17.85,17.6,17.61,17.61,13563,0.0,1.0
2019-05-06,18.25,18.25,17.85,17.89,17.89,27599,0.0,1.0
2019-05-07,18.3,19.4,18.11,19.02,19.02,28904,0.0,1.0
2019-05-08,18.77,18.88,18.42,18.65,18.65,36454,0.0,1.0
2019-05-09,18.897,19.16,18.66,18.74,18.74,95767,0.0,1.0
2019-05-10,18.73,18.99,18.01,18.01,18.01,101724,0.0,1.0
2019-05-13,18.89,19.35,18.79,19.156,19.156,75524,0.0,1.0
2019-05-14,18.91,18.91,18.52,18.59,18.59,39290,0.0,1.0
2019-05-15,18.65,18.75,18.22,18.24,18.24,23126,0.0,1.0
2019-05-16,18.21,18.26,17.93,18.03,18.03,70547,0.0,1.0
2019-05-17,18.43,18.43,18.04,18.14,18.14,10516,0.0,1.0
2019-05-20,18.29,18.51,18.19,18.3,18.3,7382,0.0,1.0
2019-05-21,18.09,18.19,18.01,18.08,18.08,8588,0.0,1.0
2019-05-22,18.1,18.1,17.97,17.99,17.99,11128,0.0,1.0
2019-05-23,18.362,18.525,18.35,18.47,18.47,62816,0.0,1.0
2019-05-24,18.3,18.57,18.3,18.57,18.57,11446,0.0,1.0
2019-05-28,18.34,18.66,18.31,18.63,18.63,8122,0.0,1.0
2019-05-29,18.84,18.91,18.639,18.83,18.83,8495,0.0,1.0
2019-05-30,18.78,18.89,18.65,18.78,18.78,13077,0.0,1.0
2019-05-31,19.03,19.14,19.0,19.08,19.08,63705,0.0,1.0
2019-06-03,19.12,19.42,18.9,19.14,19.14,9703,0.0,1.0
2019-06-04,18.82,18.8845,18.59,18.63,18.63,50411,0.0,1.0
2019-06-05,18.43,18.62,18.32,18.36,18.36,68703,0.0,1.0
2019-06-06,18.359,18.45,18.24,18.25,18.25,6105,0.0,1.0
2019-06-07,18.12,18.34,18.11,18.3,18.3,5014,0.0,1.0
2019-06-10,18.15,18.23,18.15,18.17,18.17,3499,0.0,1.0
2019-06-11,18.08,18.3,18.08,18.24,18.24,8575,0.0,1.0
2019-06-12,18.37,18.37,18.33,18.37,18.37,14019,0.0,1.0
2019-06-13,18.28,18.4,18.24,18.35,18.35,16419,0.0,1.0
2019-06-14,18.415,18.415,18.19,18.2,18.2,21122,0.0,1.0
2019-06-17,18.2,18.2,18.07,18.07,18.07,5085,0.0,1.0
2019-06-18,17.98,18.13,17.84,18.13,18.13,12781,0.0,1.0
2019-06-19,18.0576,18.11,17.92,18.04,18.04,6823,0.0,1.0
2019-06-20,17.8807,18.14,17.79,17.8,17.8,12832,0.0,1.0
2019-06-21,17.91,18.24,17.89,18.22,18.22,61675,0.0,1.0
2019-06-24,18.11,18.16,17.99,18.1,18.1,26404,0.0,1.0
2019-06-25,18.16,18.41,18.16,18.41,18.41,3240,0.0,1.0
2019-06-26,18.35,18.4,18.25,18.33,18.33,5070,0.0,1.0
2019-06-27,18.29,18.39,18.22,18.24,18.24,14672,0.0,1.0
2019-06-28,18.14,18.2,18.02,18.03,18.03,12866,0.0,1.0
2019-07-01,17.73,17.737,17.56,17.6,17.6,11144,0.0,1.0
2019-07-02,17.593,17.67,17.44,17.46,17.46,11232,0.0,1.0
2019-07-03,17.45,17.47,17.35,17.37,17.37,16568,0.0,1.0
2019-07-05,17.52,17.69,17.313,17.313,17.313,16464,0.0,1.0
2019-07-08,17.549,17.63,17.36,17.63,17.63,18022,0.0,1.0
2019-07-09,17.64,17.66,17.57,17.66,17.66,8749,0.0,1.0
2019-07-10,17.46,17.55,17.46,17.47,17.47,13791,0.0,1.0
2019-07-11,17.45,17.58,17.36,17.36,17.36,11083,0.0,1.0
2019-07-12,17.3,17.38,17.3,17.348,17.348,4966,0.0,1.0
2019-07-15,17.41,17.5,17.31,17.31,17.31,8361,0.0,1.0
2019-07-16,17.39,17.62,17.38,17.6,17.6,4913,0.0,1.0
2019-07-17,17.46,17.71,17.46,17.7,17.7,5826,0.0,1.0
2019-07-18,17.707,17.81,17.59,17.81,17.81,17961,0.0,1.0
2019-07-19,17.6,17.83,17.6,17.79,17.79,7367,0.0,1.0
2019-07-22,17.78,17.86,17.67,17.86,17.86,18244,0.0,1.0
2019-07-23,17.65,17.74,17.38,17.38,17.38,14791,0.0,1.0
2019-07-24,17.44,17.45,17.16,17.18,17.18,24047,0.0,1.0
2019-07-25,17.35,17.49,17.3,17.49,17.49,3988,0.0,1.0
2019-07-26,17.32,17.32,17.21,17.31,17.31,4712,0.0,1.0
2019-07-29,17.34,17.375,17.28,17.33,17.33,9205,0.0,1.0
2019-07-30,17.41,17.455,17.31,17.423,17.423,31072,0.0,1.0
2019-07-31,17.57,18.05,17.4,18.05,18.05,26470,0.0,1.0
2019-08-01,17.83,18.39,17.67,18.3,18.3,29154,0.0,1.0
2019-08-02,18.31,18.51,18.2,18.35,18.35,34884,0.0,1.0
2019-08-05,18.69,19.19,18.69,19.12,19.12,54438,0.0,1.0
2019-08-06,18.75,19.28,18.7,19.03,19.03,161784,0.0,1.0
2019-08-07,19.28,19.493,18.82,18.87,18.87,55299,0.0,1.0
2019-08-08,18.9,18.9,18.25,18.34,18.34,122630,0.0,1.0
2019-08-09,18.32,18.68,18.32,18.62,18.62,105077,0.0,1.0
2019-08-12,19.01,19.32,18.78,19.295,19.295,60784,0.0,1.0
2019-08-13,19.65,19.65,18.63,18.68,18.68,71660,0.0,1.0
2019-08-14,19.22,20.16,19.14,20.16,20.16,119678,0.0,1.0
2019-08-15,19.78,20.08,19.61,19.65,19.65,58906,0.0,1.0
2019-08-16,19.45,19.45,19.11,19.11,19.11,103203,0.0,1.0
2019-08-19,18.925,19.0,18.75,18.75,18.75,74329,0.0,1.0
2019-08-20,18.78,19.16,18.75,19.16,19.16,18170,0.0,1.0
2019-08-21,18.87,19.058,18.81,18.88,18.88,25658,0.0,1.0
2019-08-22,18.86,19.04,18.86,18.94,18.94,8745,0.0,1.0
2019-08-23,19.2,20.27,18.91,20.07,20.07,26940,0.0,1.0
2019-08-26,19.863,20.0,19.8,19.96,19.96,9237,0.0,1.0
2019-08-27,19.65,20.18,19.645,20.11,20.11,14355,0.0,1.0
2019-08-28,20.533,20.58,19.99,19.99,19.99,17045,0.0,1.0
2019-08-29,19.64,19.67,19.51,19.57,19.57,24148,0.0,1.0
2019-08-30,19.59,19.82,19.59,19.731,19.731,3800,0.0,1.0
2019-09-03,19.75,20.25,19.75,20.17,20.17,5297,0.0,1.0
2019-09-04,19.9,19.99,19.5,19.5,19.5,8600,0.0,1.0
2019-09-05,19.115,19.32,19.01,19.12,19.12,11393,0.0,1.0
2019-09-06,19.22,19.3,18.953,19.08,19.08,7753,0.0,1.0
2019-09-09,19.04,19.25,18.96,18.97,18.97,10236,0.0,1.0
2019-09-10,19.26,19.26,18.87,19.077,19.077,2454,0.0,1.0
2019-09-11,19.08,19.08,18.95,19.02,19.02,35330,0.0,1.0
2019-09-12,18.9,18.97,18.76,18.76,18.76,68600,0.0,1.0
2019-09-13,18.78,18.89,18.71,18.827,18.827,19945,0.0,1.0
2019-09-16,18.82,19.07,18.79,18.993,18.993,22600,0.0,1.0
2019-09-17,19.33,19.33,19.25,19.32,19.32,3000,0.0,1.0
2019-09-18,19.42,19.56,19.07,19.07,19.07,59846,0.0,1.0
2019-09-19,18.911,19.039,18.82,18.97,18.97,9600,0.0,1.0
2019-09-20,18.931,19.518,18.931,19.459,19.459,7885,0.0,1.0
2019-09-23,19.36,19.72,19.33,19.546,19.546,51277,0.0,1.0
2019-09-24,19.27,19.86,19.26,19.85,19.85,31373,0.0,1.0
2019-09-25,19.68,19.93,19.6,19.65,19.65,18318,0.0,1.0
2019-09-26,19.76,19.83,19.65,19.77,19.77,29790,0.0,1.0
2019-09-27,19.72,20.02,19.63,20.01,20.01,13789,0.0,1.0
2019-09-30,19.87,19.9,19.55,19.79,19.79,32318,0.0,1.0
2019-10-01,19.544,20.17,19.52,20.12,20.12,10795,0.0,1.0
2019-10-02,20.35,20.7,20.35,20.65,20.65,15100,0.0,1.0
2019-10-03,20.7,21.09,20.41,20.41,20.41,15366,0.0,1.0
2019-10-04,20.24,20.29,19.93,19.93,19.93,15400,0.0,1.0
2019-10-07,20.12,20.22,19.83,19.89,19.89,52757,0.0,1.0
2019-10-08,20.3,20.8,20.26,20.8,20.8,202000,0.0,1.0
2019-10-09,20.6,20.73,20.35,20.53,20.53,6800,0.0,1.0
2019-10-10,20.53,20.56,20.19,20.214,20.214,425312,0.0,1.0
2019-10-11,19.97,19.97,19.455,19.66,19.66,244901,0.0,1.0
2019-10-14,20.03,20.03,19.5,19.55,19.55,20412,0.0,1.0
2019-10-15,19.33,19.4,19.18,19.37,19.37,14941,0.0,1.0
2019-10-16,19.47,19.47,19.33,19.341,19.341,3423,0.0,1.0
2019-10-17,19.19,19.46,19.1,19.21,19.21,5617,0.0,1.0
2019-10-18,19.12,19.38,19.12,19.37,19.37,11666,0.0,1.0
2019-10-21,19.27,19.27,19.09,19.11,19.11,22817,0.0,1.0
2019-10-22,19.0,19.23,18.9,19.23,19.23,25581,0.0,1.0
2019-10-23,19.22,19.26,19.13,19.15,19.15,16000,0.0,1.0
2019-10-24,19.11,19.24,19.05,19.067,19.067,7752,0.0,1.0
2019-10-25,19.09,19.28,18.83,18.859,18.859,14030,0.0,1.0
2019-10-28,19.0,19.0,18.82,18.879,18.879,16666,0.0,1.0
2019-10-29,19.04,19.11,18.89,19.0,19.0,15700,0.0,1.0
2019-10-30,19.05,19.09,18.85,18.88,18.88,8722,0.0,1.0
2019-10-31,18.85,19.08,18.83,19.01,19.01,8544,0.0,1.0
2019-11-01,18.81,18.81,18.6,18.7,18.7,7100,0.0,1.0
2019-11-04,18.54,18.66,18.54,18.642,18.642,8703,0.0,1.0
2019-11-05,18.62,18.81,18.61,18.8,18.8,7504,0.0,1.0
2019-11-06,18.96,19.05,18.87,18.94,18.94,10600,0.0,1.0
2019-11-07,18.865,19.0,18.79,18.95,18.95,31268,0.0,1.0
2019-11-08,18.93,18.985,18.77,18.793,18.793,14890,0.0,1.0
2019-11-11,18.92,19.0,18.71,18.727,18.727,4199,0.0,1.0
2019-11-12,18.67,18.75,18.61,18.74,18.74,9812,0.0,1.0
2019-11-13,18.69,18.77,18.63,18.73,18.73,7627,0.0,1.0
2019-11-14,18.72,18.85,18.63,18.63,18.63,49875,0.0,1.0
2019-11-15,18.487,18.489,18.34,18.39,18.39,47200,0.0,1.0
2019-11-18,18.49,18.56,18.36,18.45,18.45,94800,0.0,1.0
2019-11-19,18.35,18.56,18.33,18.54,18.54,33854,0.0,1.0
2019-11-20,18.75,18.9,18.499,18.78,18.78,10656,0.0,1.0
2019-11-21,18.85,18.98,18.802,18.94,18.94,28700,0.0,1.0
2019-11-22,18.879,18.89,18.782,18.83,18.83,7700,0.0,1.0
2019-11-25,18.63,18.63,18.44,18.48,18.48,9385,0.0,1.0
2019-11-26,18.37,18.37,18.26,18.265,18.265,12200,0.0,1.0
2019-11-27,18.25,18.29,18.2,18.29,18.29,13729,0.0,1.0
2019-11-29,18.45,18.49,18.39,18.43,18.43,5500,0.0,1.0
2019-12-02,18.48,18.95,18.48,18.92,18.92,29400,0.0,1.0
2019-12-03,19.26,19.43,19.14,19.14,19.14,25095,0.0,1.0
2019-12-04,18.98,18.98,18.89,18.94,18.94,6968,0.0,1.0
2019-12-05,18.85,18.96,18.82,18.888,18.888,11600,0.0,1.0
2019-12-06,18.64,18.66,18.43,18.49,18.49,20200,0.0,1.0
2019-12-09,18.51,18.755,18.51,18.755,18.755,5700,0.0,1.0
2019-12-10,18.83,18.91,18.64,18.84,18.84,12900,0.0,1.0
2019-12-11,18.79,18.84,18.52,18.62,18.62,7505,0.0,1.0
2019-12-12,18.67,18.67,18.19,18.25,18.25,12237,0.0,1.0
2019-12-13,18.0,18.3,17.82,17.82,17.82,17405,0.0,1.0
2019-12-16,17.7,17.7,17.55,17.65,17.65,10899,0.0,1.0
2019-12-17,17.687,17.82,17.687,17.807,17.807,8600,0.0,1.0
2019-12-18,17.74,17.79,17.66,17.79,17.79,6400,0.0,1.0
2019-12-19,17.77,17.77,17.582,17.582,17.582,3000,0.0,1.0
2019-12-20,17.51,17.58,17.452,17.58,17.58,6200,0.0,1.0
2019-12-23,17.52,17.63,17.52,17.61,17.61,13700,0.0,1.0
2019-12-24,17.653,17.67,17.55,17.55,17.55,9099,0.0,1.0
2019-12-26,17.55,17.636,17.5,17.591,17.591,13936,0.0,1.0
2019-12-27,17.61,17.8,17.61,17.768,17.768,7800,0.0,1.0
2019-12-30,17.69,18.17,17.69,18.06,18.06,5953,0.0,1.0
2019-12-31,18.16,18.16,17.78,17.81,17.81,1922,0.0,1.0
2020-01-02,17.73,17.73,17.4,17.41,17.41,42620,0.0,1.0
2020-01-03,17.6,17.73,17.53,17.73,17.73,7600,0.0,1.0
2020-01-06,17.86,17.86,17.575,17.63,17.63,17600,0.0,1.0
2020-01-07,17.84,17.84,17.49,17.56,17.56,6203,0.0,1.0
2020-01-08,17.46,17.53,17.195,17.37,17.37,75400,0.0,1.0
2020-01-09,17.189,17.227,17.06,17.06,17.06,9855,0.0,1.0
2020-01-10,17.084,17.121,16.95,16.96,16.96,11308,0.0,1.0
2020-01-13,16.82,16.98,16.82,16.85,16.85,8601,0.0,1.0
2020-01-14,16.86,16.91,16.75,16.83,16.83,12832,0.0,1.0
2020-01-15,16.68,16.76,16.68,16.71,16.71,12703,0.0,1.0
2020-01-16,16.547,16.583,16.46,16.53,16.53,30000,0.0,1.0
2020-01-17,16.55,16.63,16.45,16.5,16.5,17139,0.0,1.0
2020-01-21,16.61,16.7,16.5,16.54,16.54,51617,0.0,1.0
2020-01-22,16.5,16.61,16.44,16.603,16.603,18140,0.0,1.0
2020-01-23,16.9,16.93,16.65,16.67,16.67,24532,0.0,1.0
2020-01-24,16.67,17.05,16.67,16.86,16.86,127170,0.0,1.0
2020-01-27,17.37,17.53,17.26,17.49,17.49,150775,0.0,1.0
2020-01-28,17.52,17.52,17.09,17.09,17.09,17976,0.0,1.0
2020-01-29,16.87,17.23,16.87,17.23,17.23,5314,0.0,1.0
2020-01-30,17.23,17.529,16.98,16.98,16.98,14223,0.0,1.0
2020-01-31,17.164,17.75,17.164,17.65,17.65,37300,0.0,1.0
2020-02-03,17.62,17.62,17.26,17.38,17.38,23920,0.0,1.0
2020-02-04,16.88,16.97,16.74,16.83,16.83,21211,0.0,1.0
2020-02-05,16.65,16.78,16.56,16.64,16.64,12486,0.0,1.0
2020-02-06,16.69,16.72,16.56,16.56,16.56,3603,0.0,1.0
2020-02-07,16.84,16.922,16.728,16.78,16.78,19600,0.0,1.0
2020-02-10,16.8,16.8,16.61,16.65,16.65,9700,0.0,1.0
2020-02-11,16.55,16.682,16.536,16.682,16.682,1273,0.0,1.0
2020-02-12,16.597,16.633,16.44,16.44,16.44,5400,0.0,1.0
2020-02-13,16.7,16.747,16.57,16.67,16.67,8000,0.0,1.0
2020-02-14,16.59,16.75,16.54,16.55,16.55,8317,0.0,1.0
2020-02-18,16.78,16.84,16.56,16.84,16.84,6704,0.0,1.0
2020-02-19,16.76,16.78,16.71,16.76,16.76,4700,0.0,1.0
2020-02-20,16.79,17.02,16.77,16.886,16.886,6661,0.0,1.0
2020-02-21,17.18,17.29,17.14,17.17,17.17,8600,0.0,1.0
2020-02-24,17.99,18.3,17.77,18.05,18.05,42037,0.0,1.0
2020-02-25,17.8,18.98,17.8,18.78,18.78,39322,0.0,1.0
2020-02-26,18.63,18.913,18.34,18.74,18.74,38199,0.0,1.0
2020-02-27,19.6,19.92,19.15,19.73,19.73,28495,0.0,1.0
2020-02-28,20.9,20.94,19.75,19.75,19.75,125111,0.0,1.0
2020-03-02,19.23,19.97,19.18,19.47,19.47,43752,0.0,1.0
2020-03-03,19.23,20.49,19.23,20.33,20.33,38694,0.0,1.0
2020-03-04,20.15,20.23,19.91,20.07,20.07,39615,0.0,1.0
2020-03-05,20.89,22.12,20.89,21.72,21.72,39945,0.0,1.0
2020-03-06,23.66,24.45,22.99,23.07,23.07,350932,0.0,1.0
2020-03-09,28.9,28.9,25.11,26.08,26.08,579431,0.0,1.0
2020-03-10,24.51,26.32,24.25,25.17,25.17,564412,0.0,1.0
2020-03-11,26.12,27.12,26.1,26.7,26.7,66144,0.0,1.0
2020-03-12,28.9,29.67,27.86,29.1,29.1,108502,0.0,1.0
2020-03-13,27.29,29.51,27.23,27.69,27.69,154751,0.0,1.0
2020-03-16,32.17,33.19,30.0,32.77,32.77,81579,0.0,1.0
2020-03-17,32.16,33.36,31.19,32.94,32.94,165114,0.0,1.0
2020-03-18,35.94,40.69,34.64,38.54,38.54,187222,0.0,1.0
2020-03-19,40.9,42.11,36.01,36.93,36.93,134183,0.0,1.0
2020-03-20,35.93,37.37,33.84,37.19,37.19,230571,0.0,1.0
2020-03-23,35.72,35.78,32.5,33.49,33.49,145798,0.0,1.0
2020-03-24,29.24,29.5,27.38,28.37,28.37,212814,0.0,1.0
2020-03-25,30.05,34.026,29.6,33.42,33.42,76171,0.0,1.0
2020-03-26,33.46,33.46,30.64,31.03,31.03,60830,0.0,1.0
2020-03-27,32.7,33.3,31.82,32.86,32.86,47931,0.0,1.0
2020-03-30,31.96,32.65,31.81,31.95,31.95,31871,0.0,1.0
2020-03-31,31.9,32.52,31.39,31.96,31.96,62493,0.0,1.0
2020-04-01,33.01,35.01,32.58,34.74,34.74,78144,0.0,1.0
2020-04-02,34.47,34.68,33.63,34.415,34.415,48437,0.0,1.0
2020-04-03,34.0,34.65,33.63,33.93,33.93,51779,0.0,1.0
2020-04-06,32.1,32.74,32.1,32.45,32.45,53397,0.0,1.0
2020-04-07,32.05,32.94,31.75,32.816,32.816,24625,0.0,1.0
2020-04-08,32.93,33.26,32.46,32.867,32.867,174647,0.0,1.0
2020-04-09,32.66,32.86,32.27,32.315,32.315,7506,0.0,1.0
2020-04-13,31.9,32.42,31.85,31.97,31.97,28047,0.0,1.0
2020-04-14,31.424,31.535,31.03,31.35,31.35,11367,0.0,1.0
2020-04-15,31.97,32.79,31.9,32.79,32.79,52077,0.0,1.0
2020-04-16,32.22,33.29,32.22,33.11,33.11,23263,0.0,1.0
2020-04-17,32.24,33.03,32.24,32.52,32.52,10700,0.0,1.0
2020-04-20,32.55,34.075,32.55,34.07,34.07,19349,0.0,1.0
2020-04-21,35.19,36.83,35.19,35.52,35.52,24995,0.0,1.0
2020-04-22,35.12,35.33,34.847,35.26,35.26,11431,0.0,1.0
2020-04-23,34.93,35.49,34.75,35.11,35.11,14612,0.0,1.0
2020-04-24,34.86,35.18,33.97,33.97,33.97,16347,0.0,1.0
2020-04-27,33.52,33.65,32.65,32.71,32.71,26066,0.0,1.0
2020-04-28,32.12,33.14,32.12,33.0,33.0,35974,0.0,1.0
2020-04-29,32.2,32.22,31.75,32.16,32.16,9477,0.0,1.0
2020-04-30,32.33,32.93,32.33,32.57,32.57,5600,0.0,1.0
2020-05-01,33.44,34.95,33.43,34.78,34.78,19500,0.0,1.0
2020-05-04,35.27,35.61,34.711,34.723,34.723,19661,0.0,1.0
2020-05-05,34.0,34.014,33.36,33.972,33.972,14500,0.0,1.0
2020-05-06,33.63,34.3,33.5,34.21,34.21,3678,0.0,1.0
2020-05-07,33.44,33.54,33.04,33.42,33.42,10800,0.0,1.0
2020-05-08,32.96,32.96,32.34,32.38,32.38,32000,0.0,1.0
2020-05-11,32.61,32.68,31.39,31.39,31.39,42230,0.0,1.0
2020-05-12,30.88,33.28,30.88,33.28,33.28,13064,0.0,1.0
2020-05-13,33.36,35.44,32.97,34.62,34.62,28697,0.0,1.0
2020-05-14,35.64,36.42,34.11,34.11,34.11,36829,0.0,1.0
2020-05-15,35.15,35.32,34.225,34.253,34.253,18570,0.0,1.0
2020-05-18,32.69,32.94,32.56,32.8,32.8,18758,0.0,1.0
2020-05-19,32.83,33.48,32.49,33.48,33.48,14794,0.0,1.0
2020-05-20,32.57,33.13,32.38,32.87,32.87,33173,0.0,1.0
2020-05-21,32.86,33.56,32.86,33.39,33.39,14478,0.0,1.0
2020-05-22,33.48,33.65,33.29,33.374,33.374,4539,0.0,1.0
2020-05-26,32.44,33.084,32.39,33.084,33.084,10184,0.0,1.0
2020-05-27,32.51,33.5,32.5,32.666,32.666,5960,0.0,1.0
2020-05-28,32.86,33.39,32.583,33.12,33.12,13953,0.0,1.0
2020-05-29,33.35,33.68,32.952,32.952,32.952,4323,0.0,1.0
2020-06-01,33.16,33.18,32.84,32.982,32.982,5898,0.0,1.0
2020-06-02,32.98,33.06,32.69,32.69,32.69,15627,0.0,1.0
2020-06-03,32.48,32.48,31.9,31.97,31.97,11333,0.0,1.0
2020-06-04,33.26,33.26,31.38,31.808,31.808,9929,0.0,1.0
2020-06-05,30.68,30.77,30.37,30.46,30.46,25261,0.0,1.0
2020-06-08,30.397,30.86,30.27,30.66,30.66,17420,0.0,1.0
2020-06-09,31.01,31.69,31.01,31.67,31.67,9898,0.0,1.0
2020-06-10,32.01,32.046,30.85,31.308,31.308,10030,0.0,1.0
2020-06-11,33.33,35.89,32.71,35.82,35.82,62315,0.0,1.0
2020-06-12,35.21,37.53,34.62,35.24,35.24,197224,0.0,1.0
2020-06-15,36.39,36.97,34.75,34.81,34.81,34360,0.0,1.0
2020-06-16,33.52,34.95,33.29,34.5,34.5,116567,0.0,1.0
2020-06-17,34.55,35.0,34.28,34.673,34.673,9468,0.0,1.0
2020-06-18,34.78,35.1,34.65,34.67,34.67,14014,0.0,1.0
2020-06-19,34.1,35.55,34.1,35.05,35.05,11050,0.0,1.0
2020-06-22,35.33,35.33,34.24,34.413,34.413,27716,0.0,1.0
2020-06-23,33.62,33.73,33.24,33.6,33.6,22478,0.0,1.0
2020-06-24,34.06,35.87,34.06,35.46,35.46,27576,0.0,1.0
2020-06-25,35.72,36.23,34.3,34.3,34.3,13696,0.0,1.0
2020-06-26,34.52,36.137,34.52,36.07,36.07,22000,0.0,1.0
2020-06-29,35.87,36.06,34.94,34.94,34.94,14784,0.0,1.0
2020-06-30,35.13,35.13,33.53,33.67,33.67,15429,0.0,1.0
2020-07-01,33.33,33.46,32.935,33.2,33.2,19776,0.0,1.0
2020-07-02,32.33,33.36,32.25,33.225,33.225,16196,0.0,1.0
2020-07-06,32.4,33.07,32.38,32.976,32.976,7768,0.0,1.0
2020-07-07,33.231,33.77,32.81,33.691,33.691,16409,0.0,1.0
2020-07-08,33.54,34.05,33.27,33.27,33.27,77268,0.0,1.0
2020-07-09,33.32,34.28,33.3,33.658,33.658,14025,0.0,1.0
2020-07-10,33.92,34.128,33.28,33.4,33.4,6314,0.0,1.0
2020-07-13,33.18,35.605,33.18,35.455,35.455,20763,0.0,1.0
2020-07-14,35.62,35.75,34.05,34.09,34.09,10739,0.0,1.0
2020-07-15,33.61,34.75,33.61,33.99,33.99,9778,0.0,1.0
2020-07-16,34.31,34.38,33.773,33.773,33.773,7131,0.0,1.0
2020-07-17,33.49,33.787,33.18,33.2,33.2,9467,0.0,1.0
2020-07-20,33.21,33.21,32.11,32.34,32.34,18492,0.0,1.0
2020-07-21,31.79,32.595,31.625,32.45,32.45,4885,0.0,1.0
2020-07-22,32.7,32.9575,32.326,32.326,32.326,6017,0.0,1.0
2020-07-23,32.38,33.045,32.22,32.8693,32.8693,6330,0.0,1.0
2020-07-24,33.28,33.59,33.21,33.21,33.21,6731,0.0,1.0
2020-07-27,32.92,33.4141,32.92,33.0388,33.0388,7492,0.0,1.0
2020-07-28,33.0702,33.1248,32.76,33.1248,33.1248,4882,0.0,1.0
2020-07-29,32.99,33.14,32.67,32.9562,32.9562,4265,0.0,1.0
2020-07-30,33.8143,34.72,33.39,33.55,33.55,12620,0.0,1.0
2020-07-31,32.93,33.89,32.93,33.1,33.1,8407,0.0,1.0
2020-08-03,32.88,33.21,32.88,33.21,33.21,8530,0.0,1.0
2020-08-04,32.74,32.78,32.54,32.55,32.55,5682,0.0,1.0
2020-08-05,32.251,32.55,32.225,32.37,32.37,5896,0.0,1.0
2020-08-06,32.4,32.4375,32.28,32.2908,32.2908,7099,0.0,1.0
2020-08-07,32.68,32.68,32.24,32.4,32.4,7512,0.0,1.0
2020-08-10,32.11,32.24,31.811,31.93,31.93,7051,0.0,1.0
2020-08-11,31.98,32.66,31.61,32.66,32.66,9021,0.0,1.0
2020-08-12,31.92,32.1,31.7,31.83,31.83,8529,0.0,1.0
2020-08-13,32.15,32.219,31.805,32.21,32.21,6846,0.0,1.0
2020-08-14,32.58,32.73,32.4,32.5063,32.5063,14008,0.0,1.0
2020-08-17,32.29,32.32,31.9,31.98,31.98,6052,0.0,1.0
2020-08-18,31.68,32.075,31.5575,31.68,31.68,10295,0.0,1.0
2020-08-19,31.86,32.21,31.66,32.21,32.21,4228,0.0,1.0
2020-08-20,32.6899,32.6899,32.0,32.11,32.11,5220,0.0,1.0
2020-08-21,32.46,32.75,32.41,32.6763,32.6763,6195,0.0,1.0
2020-08-24,32.3,32.74,32.27,32.7329,32.7329,11629,0.0,1.0
2020-08-25,32.44,33.09,32.44,32.66,32.66,27680,0.0,1.0
2020-08-26,32.53,32.865,32.27,32.74,32.74,9378,0.0,1.0
2020-08-27,32.54,33.81,32.54,32.8166,32.8166,12615,0.0,1.0
2020-08-28,33.339,33.35,32.7,32.9081,32.9081,6455,0.0,1.0
2020-08-31,33.13,33.435,32.93,33.3878,33.3878,4923,0.0,1.0
2020-09-01,33.78,33.859,33.52,33.7372,33.7372,7482,0.0,1.0
2020-09-02,33.98,34.6,33.98,34.495,34.495,8412,0.0,1.0
2020-09-03,34.38,35.815,34.28,35.06,35.06,34515,0.0,1.0
2020-09-04,34.68,36.15,33.82,34.099,34.099,30093,0.0,1.0
2020-09-08,34.85,35.0,33.69,33.79,33.79,18376,0.0,1.0
2020-09-09,32.72,32.89,32.5217,32.79,32.79,14882,0.0,1.0
2020-09-10,32.76,33.77,32.73,33.12,33.12,36103,0.0,1.0
2020-09-11,32.58,33.18,32.37,32.539,32.539,58459,0.0,1.0
2020-09-14,32.34,32.86,32.34,32.7728,32.7728,32914,0.0,1.0
2020-09-15,32.38,32.905,32.34,32.8544,32.8544,26913,0.0,1.0
2020-09-16,32.77,33.2619,32.74,33.2619,33.2619,3984,0.0,1.0
2020-09-17,33.89,34.0,33.35,33.89,33.89,13336,0.0,1.0
2020-09-18,33.86,34.29,33.57,34.17,34.17,20664,0.0,1.0
2020-09-21,34.82,35.25,34.28,34.465,34.465,51663,0.0,1.0
2020-09-22,34.54,35.19,34.54,34.91,34.91,12200,0.0,1.0
2020-09-23,34.74,35.63,34.74,35.63,35.63,13636,0.0,1.0
2020-09-24,35.8,35.97,35.0,35.2647,35.2647,10015,0.0,1.0
2020-09-25,35.37,35.49,34.64,34.6639,34.6639,14267,0.0,1.0
2020-09-28,34.38,34.52,34.3,34.45,34.45,8631,0.0,1.0
2020-09-29,34.32,34.32,33.87,34.0301,34.0301,7952,0.0,1.0
2020-09-30,33.8901,34.1666,33.8901,33.9961,33.9961,3162,0.0,1.0
2020-10-01,34.02,34.59,33.97,34.4224,34.4224,6582,0.0,1.0
2020-10-02,35.22,35.22,34.65,34.97,34.97,8319,0.0,1.0
2020-10-05,34.96,34.96,34.12,34.13,34.13,12724,0.0,1.0
2020-10-06,34.03,34.5315,33.77,34.12,34.12,14687,0.0,1.0
2020-10-07,34.15,34.15,33.73,33.89,33.89,12311,0.0,1.0
2020-10-08,33.87,34.0999,33.54,33.55,33.55,3668,0.0,1.0
2020-10-09,33.08,33.08,32.47,32.61,32.61,12306,0.0,1.0
2020-10-12,32.18,32.51,32.1024,32.3,32.3,22877,0.0,1.0
2020-10-13,32.529,32.76,32.22,32.33,32.33,18359,0.0,1.0
2020-10-14,32.52,32.52,31.837,32.1658,32.1658,19476,0.0,1.0
2020-10-15,32.65,32.82,32.22,32.22,32.22,15859,0.0,1.0
2020-10-16,32.22,32.4367,31.861,32.4367,32.4367,5333,0.0,1.0
2020-10-19,32.355,33.35,32.355,33.2733,33.2733,16603,0.0,1.0
2020-10-20,33.13,33.13,32.47,32.97,32.97,13020,0.0,1.0
2020-10-21,32.91,33.04,32.36,32.48,32.48,7824,0.0,1.0
2020-10-22,32.61,32.61,32.12,32.3,32.3,9944,0.0,1.0
2020-10-23,32.0,32.4,32.0,32.3131,32.3131,6808,0.0,1.0
2020-10-26,32.59,34.02,32.5,33.68,33.68,16304,0.0,1.0
2020-10-27,33.57,33.8566,33.52,33.697,33.697,9871,0.0,1.0
2020-10-28,34.95,36.1,34.82,35.59,35.59,59734,0.0,1.0
2020-10-29,35.47,35.47,33.84,34.22,34.22,18292,0.0,1.0
2020-10-30,34.71,35.16,34.66,34.86,34.86,26541,0.0,1.0
2020-11-02,33.94,34.13,33.61,33.99,33.99,32188,0.0,1.0
2020-11-03,33.55,33.55,33.04,33.13,33.13,18661,0.0,1.0
2020-11-04,32.36,32.45,31.43,32.45,32.45,66650,0.0,1.0
2020-11-05,31.88,32.44,31.88,32.41,32.41,15905,0.0,1.0
2020-11-06,32.46,32.46,31.52,31.95,31.95,26712,0.0,1.0
2020-11-09,30.16,30.3799,29.28,30.1,30.1,100878,0.0,1.0
2020-11-10,30.04,30.61,29.89,30.38,30.38,30988,0.0,1.0
2020-11-11,29.96,30.42,29.93,30.2,30.2,23564,0.0,1.0
2020-11-12,30.24,31.25,30.06,31.25,31.25,14806,0.0,1.0
2020-11-13,30.54,30.58,30.0801,30.11,30.11,12742,0.0,1.0
2020-11-16,30.04,30.56,30.04,30.56,30.56,11351,0.0,1.0
2020-11-17,30.8,30.96,30.23,30.28,30.28,9936,0.0,1.0
2020-11-18,30.2,31.15,30.2,31.15,31.15,13071,0.0,1.0
2020-11-19,31.01,31.1,30.66,30.92,30.92,21359,0.0,1.0
2020-11-20,30.82,30.98,30.41,30.98,30.98,42537,0.0,1.0
2020-11-23,30.92,30.93,30.39,30.73,30.73,128815,0.0,1.0
2020-11-24,30.38,30.75,30.38,30.71,30.71,86528,0.0,1.0
2020-11-25,30.655,30.66,30.24,30.24,30.24,46691,0.0,1.0
2020-11-27,30.1,30.336,29.87,30.26,30.26,47926,0.0,1.0
2020-11-30,30.44,30.82,30.0124,30.04,30.04,78690,0.0,1.0
2020-12-01,30.03,30.2,29.65,30.1,30.1,64773,0.0,1.0
2020-12-02,30.28,30.28,29.755,30.1582,30.1582,8997,0.0,1.0
2020-12-03,29.885,30.235,29.885,30.235,30.235,6970,0.0,1.0
2020-12-04,30.0,30.11,30.0,30.04,30.04,5393,0.0,1.0
2020-12-07,30.57,30.57,30.18,30.21,30.21,7894,0.0,1.0
2020-12-08,30.53,30.54,29.9,29.9549,29.9549,15197,0.0,1.0
2020-12-09,29.77,30.54,29.77,30.47,30.47,4974,0.0,1.0
2020-12-10,30.73,30.78,30.35,30.69,30.69,6339,0.0,1.0
2020-12-11,30.95,31.65,30.95,31.43,31.43,34098,0.0,1.0
2020-12-14,31.08,31.5118,30.8776,31.5118,31.5118,5662,0.0,1.0
2020-12-15,31.47,31.55,31.18,31.38,31.38,33620,0.0,1.0
2020-12-16,31.5,31.5,30.8,30.8,30.8,16865,0.0,1.0
2020-12-17,30.99,31.1,30.66,30.66,30.66,59053,0.0,1.0
2020-12-18,30.93,31.39,30.85,31.05,31.05,19300,0.0,1.0
2020-12-21,33.04,33.04,31.58,31.58,31.58,63613,0.0,1.0
2020-12-22,31.81,31.81,31.46,31.65,31.65,23671,0.0,1.0
2020-12-23,31.32,31.47,30.78,30.885,30.885,20056,0.0,1.0
2020-12-24,30.82,30.96,30.5271,30.96,30.96,6865,0.0,1.0
2020-12-28,30.92,30.92,30.375,30.52,30.52,3487,0.0,1.0
2020-12-29,30.34,31.48,30.241,31.36,31.36,50456,0.0,1.0
2020-12-30,31.25,31.25,30.63,30.72,30.72,5449,0.0,1.0
2020-12-31,30.68,30.8499,30.3,30.77,30.77,9322,0.0,1.0
